dataset_name,strategy,compute_time,fit_time_1,fit_time_2,fit_time_3,fit_time_4,fit_time_5,score_time_1,score_time_2,score_time_3,score_time_4,score_time_5,test_r2_1,test_r2_2,test_r2_3,test_r2_4,test_r2_5,test_neg_mean_squared_error_1,test_neg_mean_squared_error_2,test_neg_mean_squared_error_3,test_neg_mean_squared_error_4,test_neg_mean_squared_error_5,test_neg_mean_absolute_error_1,test_neg_mean_absolute_error_2,test_neg_mean_absolute_error_3,test_neg_mean_absolute_error_4,test_neg_mean_absolute_error_5
employee_salaries,TableVectorizer,0 days 00:00:22.452265,17.824941873550415,18.20668053627014,18.871926069259644,18.843663692474365,18.396629571914673,0.2139425277709961,0.2552788257598877,0.2656548023223877,0.26229286193847656,0.24752116203308105,0.9194501924686118,0.8932743053557107,0.8918083118070318,0.9058068290910899,0.9140433399578558,-66789471.68618841,-101462154.41601485,-92941754.7271949,-76837319.62424892,-67296865.73573598,-4962.637373852271,-5041.152582277843,-5341.3929251630125,-5120.886090105023,-4962.357677411278
employee_salaries,BERT : val last,0 days 00:00:34.930805,26.821840047836304,26.84027934074402,26.9104220867157,27.864874601364136,27.52664566040039,1.3291666507720947,1.3932039737701416,1.306229829788208,1.4460082054138184,1.391758918762207,0.8176401728864628,0.8057737723036653,0.814127194515121,0.8482193316954674,0.8514606067025373,-151207270.17195767,-184647301.40053526,-159673492.35755816,-123813856.25690074,-116293904.42004049,-7188.388285616126,-7458.383559229474,-7179.478434216727,-6959.915628295354,-6948.941808822299
employee_salaries,BERT : val last_four,0 days 00:03:46.208902,145.14173889160156,145.9831120967865,145.44673228263855,143.98448514938354,143.22854328155518,13.097822666168213,13.794243097305298,13.111183643341064,13.30099606513977,10.948484659194946,0.8443695733774413,0.8350581235871359,0.8323632137174144,0.8592460031905216,0.8695477706858327,-129044057.22343092,-156807207.39318925,-144007893.1585051,-114818937.9004902,-102133169.86465788,-6619.622846125571,-7009.526894739812,-6898.346706500873,-6540.137143124398,-6419.718823283832
employee_salaries,BERT : val_col last,0 days 00:00:33.106046,25.705745220184326,25.585132360458374,25.557481288909912,25.15078568458557,24.9477858543396,1.2779603004455566,1.2503504753112793,1.2049102783203125,1.144866943359375,1.1406514644622803,0.8283464899704365,0.8248219436780441,0.8184542422731128,0.8393668740984519,0.836359926260755,-142329914.86027962,-166538555.31299362,-155956354.57984975,-131035177.15817685,-128116472.4876065,-7110.022111014171,-7286.0158762255,-7388.873302536392,-7138.186801768438,-7243.8394449717525
employee_salaries,BERT : val_col last_four,0 days 00:03:39.103960,147.04266500473022,145.372065782547,144.20183086395264,146.5085904598236,143.33615446090698,11.110337018966675,12.394091129302979,13.12191367149353,12.065013408660889,12.969438552856445,0.8409171163969917,0.8195315195109986,0.8306945433932076,0.8397502820122931,0.8540081335721459,-131906730.45394944,-171568064.2382064,-145441359.5419519,-130722415.2441442,-114299404.2426468,-6970.177364811856,-7451.889877524941,-7182.005058729256,-6980.519345469597,-6851.2313304799745
employee_salaries,BERT : val_col_sep last,0 days 00:00:28.615554,23.334786891937256,22.90800189971924,23.056479692459106,22.926804304122925,22.914897918701172,1.269604206085205,1.1454801559448242,0.9470357894897461,1.1793878078460693,1.1175925731658936,0.8316267234445417,0.8118730034820295,0.8333535372383245,0.8439910379498569,0.8413614457600289,-139610044.16837928,-178848874.52966097,-143157158.62133032,-127263052.78422514,-124200701.60897674,-7161.34681825688,-7478.889377568876,-7104.04576512424,-7013.861732511913,-7029.070812890358
employee_salaries,BERT : val_col_sep last_four,0 days 00:03:43.369043,145.98439717292786,146.09260058403015,142.80767512321472,143.36688899993896,144.5356092453003,10.966572046279907,11.704457759857178,12.164947032928467,12.595474004745483,12.254482746124268,0.8377368436425852,0.8250265533121512,0.8349800471656419,0.8525845823174556,0.8502573360506873,-134543716.7310678,-166344036.6981467,-141759910.00407556,-120252938.2620493,-117235964.5636244,-7008.713356436874,-7290.476704662804,-6983.4296873777075,-6880.114309713622,-6888.250293869101
midwest_survey,TableVectorizer,0 days 00:00:20.400470,15.060482740402222,15.786716222763062,16.41269612312317,15.60874080657959,15.709590196609497,0.7150828838348389,0.7717223167419434,0.6592774391174316,0.6959056854248047,0.7218120098114014,0.7394789579158316,0.7555110220440882,0.7895791583166333,0.7715430861723447,0.7791164658634538,0.943911387122902,0.9602187338886787,0.9538773961252571,0.9552933594481412,0.9702163588708377,0.7175270516803476,0.7495976003178072,0.7801519183104101,0.7652429086037554,0.7799018635060667
midwest_survey,BERT : val last,0 days 00:01:57.888913,106.6692008972168,107.4662389755249,109.9533953666687,110.4660267829895,109.03084135055542,2.0048019886016846,1.9424922466278076,2.0550808906555176,2.017897129058838,1.9712789058685303,0.7094188376753507,0.7114228456913828,0.7194388777555111,0.7214428857715431,0.7670682730923695,0.9270218537408247,0.9450122673108581,0.9342555851535822,0.9431343651735405,0.9558863970839226,0.6962321995162759,0.7004551824238043,0.7015642933333464,0.7120329878910377,0.7624904198695904
midwest_survey,BERT : val last_four,0 days 00:07:17.734488,396.1624870300293,401.4448676109314,400.0814485549927,405.1489019393921,406.83877897262573,8.41334342956543,8.313018083572388,8.470203876495361,8.580621480941772,8.213516473770142,0.7154308617234469,0.717434869739479,0.7254509018036072,0.7214428857715431,0.7630522088353414,0.9293787484201221,0.9437389486702727,0.9331799000118272,0.9421021720680347,0.9560944449740335,0.7011716456704354,0.7062823475708081,0.7105380576050925,0.7109892891537639,0.7537006904942871
midwest_survey,BERT : val_col last,0 days 00:01:32.399404,85.61091995239258,85.58028626441956,78.36842012405396,84.46303081512451,85.652024269104,1.8977124691009521,2.0041794776916504,2.211883783340454,1.9594650268554688,2.201632499694824,0.749498997995992,0.7735470941883767,0.781563126252505,0.7575150300601202,0.8172690763052208,0.9548843943440605,0.9554368901300074,0.9497963363810157,0.9621459341075899,0.9661226267956456,0.7390735140561813,0.7707182029552161,0.7711165495506851,0.7514346193929208,0.8142901247267996
midwest_survey,BERT : val_col last_four,0 days 00:07:05.447414,387.7482678890228,392.04954767227173,388.09420132637024,387.2259750366211,390.1248905658722,8.314819812774658,8.663322687149048,7.732239007949829,7.931601524353027,8.421144485473633,0.7675350701402806,0.7935871743486974,0.7755511022044088,0.7635270541082164,0.8192771084337349,0.9593483660874477,0.9612431930743548,0.9525354841868765,0.9586714444683199,0.9708749819519598,0.7597632200252036,0.7890094030801463,0.7649201501924736,0.7578134693843871,0.8129337856403716
midwest_survey,BERT : val_col_sep last,0 days 00:01:31.181666,74.83405542373657,84.78191566467285,83.5930814743042,83.71513962745667,82.33033752441406,2.4489476680755615,1.920731544494629,1.893826961517334,1.8350920677185059,1.7587203979492188,0.7715430861723447,0.749498997995992,0.7875751503006012,0.7635270541082164,0.8172690763052208,0.9568702047203723,0.9604207019425259,0.9556973697394583,0.9624292002337326,0.9707557285217477,0.7639601747195207,0.7425125989534445,0.7787745220217628,0.758256620487285,0.8133170438145703
midwest_survey,BERT : val_col_sep last_four,0 days 00:07:08.352891,388.59386706352234,389.8937556743622,390.545658826828,390.396847486496,389.9668037891388,8.197707891464233,8.211081981658936,7.987183332443237,8.560052871704102,8.169217109680176,0.7775551102204409,0.7735470941883767,0.7975951903807615,0.7735470941883767,0.8132530120481928,0.95942943186994,0.9614002267207132,0.9572119975477315,0.9626790022024605,0.9685622055848457,0.7686155525725267,0.7690443831087731,0.7871306441922141,0.7678549551311945,0.8102641038506224
adult,TableVectorizer,0 days 00:00:13.911562,7.189213037490845,7.4612884521484375,6.687419176101685,7.357467889785767,7.40264368057251,0.5391571521759033,0.5287971496582031,0.6316266059875488,0.5228149890899658,0.5400390625,0.8679563949025026,0.8703931203931204,0.8723894348894349,0.8753071253071253,0.8736179361179361,0.9263259661813328,0.9234209498423155,0.9289929222599234,0.9287471208143452,0.9285055117313915,,,,,
adult,BERT : val last,0 days 00:01:22.055854,32.376940965652466,37.62143874168396,39.1774582862854,40.792808532714844,41.54510712623596,6.165722131729126,6.495912790298462,6.432615280151367,6.467014789581299,6.318807363510132,0.868417012129587,0.8717751842751843,0.8730036855036855,0.8759213759213759,0.874539312039312,0.9255082030275091,0.9240486432740572,0.9284826149816723,0.9281882466275345,0.928004943634007,,,,,
adult,BERT : val last_four,0 days 00:13:38.773686,302.80788946151733,298.4574820995331,307.954491853714,292.5316243171692,319.9470064640045,61.89731216430664,62.30840039253235,60.949740409851074,61.31238389015198,60.66310715675354,0.868417012129587,0.8720823095823096,0.8725429975429976,0.8743857493857494,0.874539312039312,0.9258809565798511,0.9236874551094709,0.9274585175392972,0.927462580906149,0.9278401515339145,,,,,
adult,BERT : val_col last,0 days 00:01:10.550781,34.09563636779785,40.42459535598755,38.73943209648132,37.914846658706665,34.10170269012451,5.105589866638184,6.333026647567749,6.063400983810425,4.859677314758301,5.949644327163696,0.8687240902809765,0.870085995085995,0.8716216216216216,0.8756142506142506,0.8743857493857494,0.9260274023814976,0.9219183425797504,0.927095523433888,0.9285066081954628,0.9279252887441384,,,,,
adult,BERT : val_col last_four,0 days 00:13:39.324369,314.1019082069397,320.43200278282166,306.4453830718994,311.6607747077942,315.94401144981384,63.30336356163025,61.02340579032898,63.74645376205444,63.84231162071228,61.21122121810913,0.8682634730538922,0.8707002457002457,0.8733108108108109,0.8763820638820639,0.8737714987714987,0.9262397874679522,0.9235786471748894,0.9285299564303878,0.928489709749191,0.9273885373324088,,,,,
adult,BERT : val_col_sep last,0 days 00:01:08.272110,37.839685916900635,39.27900719642639,33.896092653274536,35.0299437046051,37.191954612731934,6.294966697692871,6.321283340454102,6.261454343795776,4.351752519607544,6.595660448074341,0.8673422385997236,0.8696253071253072,0.8713144963144963,0.8734643734643734,0.8759213759213759,0.9258408644633793,0.923064792512879,0.9286724322617397,0.927956570219107,0.9276815512309293,,,,,
adult,BERT : val_col_sep last_four,0 days 00:13:32.592000,315.923321723938,307.3502559661865,313.7456970214844,294.74781608581543,315.53683257102966,59.79367470741272,59.46277451515198,61.210310220718384,57.63124942779541,62.302018880844116,0.8678028558268079,0.8708538083538083,0.8731572481572482,0.8740786240786241,0.8737714987714987,0.9267486092805386,0.922861366178753,0.9273024971517734,0.9283640033683377,0.9278235110791889,,,,,
house_sales,TableVectorizer,0 days 00:00:05.977451,0.8851854801177979,0.889723539352417,1.0662503242492676,0.8695886135101318,0.9128220081329346,0.0906972885131836,0.10720610618591309,0.12490677833557129,0.10339951515197754,0.09946203231811523,0.8755509567586442,0.884869256024601,0.8876615839476685,0.8741382423043266,0.8897285549088314,-18851036845.07147,-16144401488.51357,-13123022118.40782,-15976403362.547434,-15147196126.002752,-70899.22510444344,-65480.1115242076,-65640.20842679353,-69771.4339414911,-68435.5280597569
house_sales,BERT : val last,0 days 00:00:44.924122,28.95474624633789,27.863987684249878,32.78775691986084,30.817720890045166,32.48467469215393,1.66795015335083,1.8997747898101807,1.8713922500610352,1.7639906406402588,1.701725721359253,0.8605960426580113,0.8641649484872167,0.8794754368183124,0.8776513240797569,0.8822558169071497,-21116346640.817863,-19047697705.348686,-14079302201.554403,-15530466387.587982,-16173672454.630924,-71240.72375655007,-68543.2732791549,-66638.73454712445,-70342.05544993613,-70551.2449987958
house_sales,BERT : val last_four,0 days 00:06:53.606194,249.05365586280823,242.85755372047424,224.41020107269287,230.9216730594635,247.47752022743225,20.892882347106934,19.72326350212097,23.39079713821411,21.873399257659912,21.731318473815918,0.8631829790580186,0.8591625580924767,0.8711794746226886,0.8704976930372285,0.8806356314965227,-20724487996.329803,-19749166280.52114,-15048410536.996235,-16438520566.511963,-16396225683.664652,-71054.78819883545,-68502.28855566708,-68072.06856435283,-71694.45835274068,-70774.44472462733
house_sales,BERT : val_col last,0 days 00:00:42.869298,32.10309433937073,30.49489688873291,31.671228408813477,26.64047408103943,25.526091814041138,2.142005205154419,1.9512627124786377,1.9846453666687012,1.8940727710723877,1.8843238353729248,0.8657208864328971,0.8673245348225721,0.8642686848522163,0.878344560838159,0.8740167982262135,-20340056069.91933,-18604639417.229767,-15855707365.637009,-15442469602.220034,-17305407254.540035,-70350.43372643748,-68383.91927223542,-67102.4836634016,-71080.83507862102,-73133.6874380477
house_sales,BERT : val_col last_four,0 days 00:06:50.185443,243.4116690158844,212.70595026016235,234.87576341629028,239.73810076713562,225.89173817634583,22.208573818206787,22.378181219100952,23.264915943145752,22.73449182510376,22.831618309020996,0.8606354196473609,0.8648837738690891,0.8759222488819305,0.8746075328978039,0.8791898459370134,-21110381974.01334,-18946899211.702538,-14494374493.995125,-15916833434.771818,-16594822858.190884,-71621.89504031908,-69745.70954200132,-66758.6867675144,-70822.0827652293,-72685.09618388105
house_sales,BERT : val_col_sep last,0 days 00:00:42.782165,28.062785387039185,27.633334398269653,29.17037534713745,26.441176652908325,32.09262418746948,2.1309194564819336,1.7948739528656006,1.7582073211669922,2.0815696716308594,2.204761266708374,0.8634040616160259,0.8698731261086587,0.8855696222726038,0.8634033031912003,0.8709148542635037,-20690999306.19407,-18247258933.68576,-13367398532.972416,-17339054897.721317,-17731499009.62847,-71007.11394022583,-68438.04861118659,-66241.53635430628,-71795.46601195083,-70648.62687878523
house_sales,BERT : val_col_sep last_four,0 days 00:06:51.508545,243.65065097808838,242.48454809188843,241.082448720932,236.74807000160217,242.98623609542847,22.595808029174805,22.423070192337036,24.074180603027344,22.793466567993164,22.80350971221924,0.8695028174888099,0.8587967665064205,0.8704796805363065,0.86280251601138,0.8833665212463173,-19767184476.665977,-19800460018.600998,-15130158291.65253,-17415316492.153072,-16021102979.827503,-71087.26894155171,-68646.57282682182,-66815.15361772741,-71693.95680162386,-71218.88980535022
journal_influence,TableVectorizer,0 days 00:00:16.100357,13.045276641845703,12.1271333694458,12.59061861038208,11.556283950805664,12.460936307907104,0.48574018478393555,0.4691586494445801,0.6332848072052002,0.676008939743042,0.5562171936035156,0.9196199340500333,0.9954969064158861,0.9768898859935243,0.9522524488392705,0.98972400046795,-0.22792995079617098,-0.011912336753764727,-0.04921622242334113,-0.18530105265594873,-0.026616994841838916,-0.03556338518629939,-0.03072642128998491,-0.02129941579559408,-0.05775910666417678,-0.033634536894166886
journal_influence,BERT : val last,0 days 00:00:20.162214,15.24347472190857,15.598348617553711,16.037642002105713,15.540143728256226,15.6453378200531,0.7572617530822754,0.7365436553955078,0.7336173057556152,0.798896074295044,0.8080897331237793,0.9112402573919433,0.997435322862856,0.9784341346613598,0.9495092192553557,0.992085200843779,-0.2516918035116834,-0.006784513168929089,-0.045927528741785045,-0.19594711339035611,-0.020500990454336634,-0.04172738879700644,-0.029111791342049262,-0.023036330222596664,-0.062187760288652666,-0.03921585711913567
journal_influence,BERT : val last_four,0 days 00:01:42.787344,75.22907900810242,75.62900733947754,79.54492139816284,76.807621717453,77.05110836029053,4.957732200622559,5.282363414764404,4.502994537353516,4.926567077636719,4.7940919399261475,0.9008740137900643,0.9951971412814872,0.9756412728411186,0.9506140804759314,0.9919622169834309,-0.28108687013912487,-0.012705325653794598,-0.05187531889566013,-0.19165931344597273,-0.02081954445643693,-0.043258900333146014,-0.04215683092979817,-0.023409053075260228,-0.06842286039946727,-0.04735379188438279
journal_influence,BERT : val_col last,0 days 00:00:22.504328,17.075559854507446,16.78925085067749,17.33781361579895,16.909419059753418,16.45914125442505,0.8781514167785645,0.8221573829650879,0.9237477779388428,0.7353324890136719,0.7174029350280762,0.9067147801882566,0.9949196016451567,0.9733715381203659,0.9457704185113097,0.9905746101352981,-0.2645244851495358,-0.013439519946835428,-0.05670903667079714,-0.21045683580963606,-0.024413737333154713,-0.038790935247583466,-0.036672898546134564,-0.024765256425898347,-0.06911745930567048,-0.04123809002733897
journal_influence,BERT : val_col last_four,0 days 00:01:41.537673,77.66778469085693,77.9261531829834,77.43342614173889,77.28881669044495,74.50464916229248,4.584799766540527,4.892032146453857,4.975107431411743,4.5874409675598145,3.7599806785583496,0.9061927200004822,0.9965436519818685,0.9737662785505893,0.9488326036907977,0.9925412775467518,-0.2660048665289952,-0.009143310206885783,-0.055868381674118554,-0.19857295646100784,-0.01931965610212622,-0.040913744670061696,-0.035608614878788074,-0.026812050979696654,-0.06990459261360862,-0.045218755731016545
journal_influence,BERT : val_col_sep last,0 days 00:00:20.978595,15.732038259506226,16.195634841918945,15.609611511230469,15.311447620391846,16.18419051170349,0.8415579795837402,1.144136667251587,0.8852720260620117,0.8150463104248047,0.8301067352294922,0.906942103727516,0.9964543862339518,0.9693354576408417,0.948778937208896,0.9896708301836485,-0.26387987454234285,-0.009379450902142724,-0.06530443496883707,-0.1987812279921544,-0.026754717034077044,-0.040673369152974724,-0.02810917768415879,-0.026268046759192316,-0.06568806402399063,-0.04183640109268204
journal_influence,BERT : val_col_sep last_four,0 days 00:01:41.977757,76.67488050460815,78.85495710372925,77.78205013275146,74.2803897857666,79.35195469856262,4.20494270324707,4.927512884140015,4.845155954360962,4.136544466018677,4.732364892959595,0.9008465572921388,0.9972908840792921,0.972915352979235,0.9509582716995124,0.9920646806196785,-0.2811647272315173,-0.007166606811439033,-0.05768054677956718,-0.19032355916132274,-0.02055414214019781,-0.03968576507624634,-0.03040500583931636,-0.02732741920893777,-0.06844542532906615,-0.042376818910570324
vancouver_employee,TableVectorizer,0 days 00:01:21.565665,71.468665599823,76.50446319580078,67.132493019104,74.2218086719513,73.19734144210815,1.2175343036651611,1.5616979598999023,1.3360183238983154,1.1835510730743408,1.0554265975952148,0.7036476505725225,0.7710721250785099,0.7554517271374204,0.6617433894275878,0.5435377877689986,-182664633.61243355,-145202492.41975272,-150292051.49671257,-195965786.20345205,-217479370.61992875,-9341.068674807699,-8423.102231315197,-8569.64124683104,-9884.235915680332,-10115.6182218253
vancouver_employee,BERT : val last,0 days 00:01:07.570948,46.02632117271423,46.01098608970642,45.63713455200195,48.850454807281494,48.94841504096985,2.8102335929870605,2.855783700942993,2.6459500789642334,2.5127112865448,2.6252408027648926,0.6306211398555543,0.7149892863276506,0.7092534063507794,0.6146622611959833,0.4584646523815763,-227676461.0869912,-180774254.79859182,-178684157.17569706,-223241795.0703262,-258012083.83246845,-10417.013413150444,-9380.990618873062,-9214.10449517778,-10384.5169625279,-10733.245272051536
vancouver_employee,BERT : val last_four,0 days 00:09:52.140459,343.1125657558441,348.2199194431305,340.7557706832886,353.316241979599,345.6542332172394,30.46199679374695,31.563503742218018,30.829622745513916,28.65593695640564,30.712034225463867,0.6481444579115171,0.7315153283107494,0.7330839099764468,0.6216072724437514,0.46677463378274464,-216875499.06138095,-170292252.61077458,-164038642.66775376,-219218268.11823633,-254052830.52175885,-10070.706682170117,-8947.307387809311,-8887.528645270453,-10187.732294961901,-10433.300134214483
vancouver_employee,BERT : val_col last,0 days 00:01:10.885742,47.603739500045776,46.228739976882935,48.56225037574768,42.635080099105835,47.827351093292236,3.3069260120391846,2.853297472000122,2.965980052947998,3.0293211936950684,2.461346387863159,0.6370747889520063,0.7156814291822199,0.6988948750370471,0.6408848224552067,0.4953565477612306,-223698583.23333478,-180335248.113065,-185050200.58876425,-208050000.81466946,-240435105.99474287,-10393.099123532784,-9296.737321856368,-9338.382727545591,-10245.001168644692,-10486.046114832574
vancouver_employee,BERT : val_col last_four,0 days 00:09:57.486123,350.32852602005005,346.2819244861603,339.2879412174225,342.2113370895386,339.50494480133057,33.99726605415344,32.07993149757385,36.37251853942871,32.95779728889465,31.975924730300903,0.6461353703526075,0.7257977832148912,0.7217728919912857,0.6517135495619166,0.47898156196451125,-218113853.4849329,-173918730.15845487,-170990055.89021122,-201776479.60407734,-248236894.42225587,-10107.796946374929,-9059.792156528934,-9024.596617664924,-9989.21840798691,-10541.079877628463
vancouver_employee,BERT : val_col_sep last,0 days 00:01:02.439538,43.887983083724976,43.87079954147339,42.10788130760193,42.58622360229492,44.4472131729126,3.314842939376831,2.2768990993499756,3.1880576610565186,3.046128511428833,2.626893997192383,0.6583050576969793,0.7280594896517305,0.7269732496979662,0.6549065653084025,0.5013377611286443,-210612743.79495707,-172484193.57411146,-167794071.6409463,-199926635.9600426,-237585383.75304648,-10066.93233532893,-9096.083374662925,-8976.422548094632,-9716.596334594487,-10117.969400329812
vancouver_employee,BERT : val_col_sep last_four,0 days 00:09:48.909853,336.24854373931885,344.8197343349457,329.58665657043457,343.47354316711426,339.75261425971985,32.374967098236084,31.731982469558716,35.85105013847351,32.838284730911255,33.60091948509216,0.6678143331874722,0.7341134896957999,0.7395992609889512,0.6469043992314776,0.49237948797592834,-204751449.53916228,-168644312.14503846,-160034502.87797606,-204562615.62040016,-241853512.756698,-9843.289860332603,-8933.289985501355,-8636.916108783857,-9773.824524225865,-10142.796015871205
open_payments,TableVectorizer,0 days 00:04:29.324624,244.07544541358948,242.74055647850037,232.68882298469543,228.9946358203888,254.58237552642822,2.27754807472229,2.2913970947265625,2.6046459674835205,3.08101749420166,2.7385666370391846,0.9237357259380098,0.9406606851549756,0.9335236541598695,0.9269934062946095,0.9119026578750595,0.9050988610896518,0.8942630355135041,0.8590657340196881,0.8409391998767547,0.8886850710818905,,,,,
open_payments,BERT : val last,0 days 00:02:49.310807,83.43036651611328,77.41760683059692,79.73189043998718,78.22002792358398,84.98439073562622,12.595161199569702,12.746326446533203,12.401665210723877,11.508275508880615,12.69084644317627,0.9348151169113649,0.9401848830886351,0.9338635127786841,0.9316157977023996,0.905852763238393,0.8840867682940821,0.8506255593204783,0.8366995311269017,0.8138834750444446,0.8824852844996731,,,,,
open_payments,BERT : val last_four,0 days 00:31:41.456257,638.190988779068,622.2580568790436,700.4806931018829,617.7961053848267,675.1649780273438,241.32788729667664,239.4811670780182,245.66922330856323,244.975323677063,244.48350429534912,0.93399945622621,0.9383496465470365,0.9290375203915171,0.9326354428658826,0.901570253551764,0.8843397914929745,0.8622126144455748,0.8431708212545607,0.8146640180984304,0.8791250635854952,,,,,
open_payments,BERT : val_col last,0 days 00:02:50.411184,79.33052968978882,78.10058546066284,80.34784841537476,76.15493059158325,87.2637574672699,14.470221519470215,14.890833854675293,15.481781482696533,15.225385904312134,12.264199495315552,0.9369902120717781,0.9366503534529635,0.9335236541598695,0.9320236557677928,0.9081639589422881,0.887908428242529,0.8489116866428533,0.8369163753738365,0.8131248306870877,0.8826573191207799,,,,,
open_payments,BERT : val_col last_four,0 days 00:29:17.757129,666.1750514507294,656.3821902275085,660.0063681602478,659.0761370658875,657.2601988315582,123.67191743850708,125.78338861465454,119.45215439796448,127.24100995063782,124.06752586364746,0.936310494834149,0.9377379010331702,0.9324361065796629,0.9334511589966692,0.9153694514309021,0.8892048279396356,0.8517675291993974,0.8436392354232478,0.8132817203003521,0.8861187413705399,,,,,
colleges,TableVectorizer,0 days 00:01:38.409889,71.20731043815613,65.19720792770386,69.6345705986023,69.70939779281616,86.94135403633118,3.4446089267730713,3.059040069580078,2.986400842666626,2.364391565322876,2.086599588394165,0.5607669323538096,0.6016384454452142,0.6549150569007733,0.35279117919929603,0.20339067083285645,-0.01700765760178875,-0.016182772581846656,-0.016719837321205785,-0.03176096714843848,-0.04346660106316405,-0.09618478393652463,-0.09317437870759139,-0.09367243482543701,-0.13620386375869128,-0.16848168626464083
colleges,BERT : val last,0 days 00:00:29.539315,22.366467475891113,20.187891960144043,22.325093984603882,23.18160915374756,23.432432651519775,1.0963106155395508,1.0598444938659668,1.10414719581604,1.0537443161010742,1.1162526607513428,0.5296521790742132,0.5943117532982378,0.6351292735785925,0.3353295568139608,0.2132662437010514,-0.018212460038407156,-0.01648040720907426,-0.017678485575888886,-0.03261787452842898,-0.04292774522704068,-0.09955267218516461,-0.09439255984395842,-0.09735395699036309,-0.1390142069227062,-0.16425801045393287
colleges,BERT : val last_four,0 days 00:02:46.638430,122.45664262771606,118.6792848110199,116.55315208435059,116.79001307487488,118.92636370658875,7.4700422286987305,9.373068571090698,8.499574899673462,9.912391901016235,9.015313386917114,0.5211473602551412,0.5894584404003202,0.6142279055338307,0.3086541339367841,0.19889953742214495,-0.018541777335065117,-0.016677564936765425,-0.018691185435698702,-0.03392693769698181,-0.04371165757598312,-0.10031438905047736,-0.09430694741754478,-0.10048902660887857,-0.14096089739748285,-0.16426611374530356
colleges,BERT : val_col last,0 days 00:00:26.766930,20.566959619522095,20.822232484817505,19.233915328979492,20.029808521270752,20.615760326385498,0.9459903240203857,0.9731118679046631,0.9787337779998779,1.018460988998413,1.3446011543273926,0.5253100142478098,0.5943074805233503,0.635142923241133,0.3127317308634312,0.16781426544114375,-0.018380594129525925,-0.016480580783415227,-0.017677824231075875,-0.033726834704146225,-0.04540781034079042,-0.09955251057955082,-0.09372657662000297,-0.09771725407336238,-0.1417264495436543,-0.168227817822109
colleges,BERT : val_col last_four,0 days 00:02:17.622135,97.87192130088806,98.67458820343018,101.56102991104126,97.11686205863953,100.5734190940857,8.824498176574707,8.43890929222107,7.38579535484314,6.3852128982543945,6.851394414901733,0.5296339240672019,0.5999645309531257,0.6409860413163103,0.3168244058354788,0.11993400562919232,-0.018213166895271173,-0.016250772561355722,-0.01739471717114985,-0.03352599177500378,-0.04802037345779863,-0.09918736180059788,-0.0935772995205763,-0.09681594878322078,-0.14014134979091986,-0.17401060918623992
kickstarter_projects,TableVectorizer,0 days 00:05:33.912457,268.7206280231476,264.9634838104248,264.8554265499115,270.1397557258606,265.18813014030457,13.154279708862305,12.570802927017212,13.65806794166565,10.849058151245117,13.10862135887146,0.9636666666666667,0.947,0.9645,0.96,0.9568333333333333,0.9785181557625718,0.9562679285153325,0.9773217357235121,0.9742503550271513,0.9540672046517384,0.9616423877732033,0.9484508435549514,0.9622151183171938,0.957724907971768,0.9550780503132823
kickstarter_projects,BERT : val last,0 days 00:04:06.692606,160.55338764190674,196.28009009361267,183.7914924621582,180.23161792755127,182.32266545295715,5.672639846801758,8.289348602294922,7.385576963424683,8.113020181655884,7.70689582824707,0.7928333333333333,0.7893333333333333,0.7995,0.7888333333333334,0.7908333333333334,0.9136894063697416,0.9286052029685381,0.9225249351267117,0.9140151419380979,0.9171470683429668,0.7857809921519285,0.782921960056916,0.7925955094584771,0.7825431354262011,0.7835899646764876
kickstarter_projects,BERT : val last_four,0 days 00:21:12.013005,742.0291917324066,824.5308754444122,694.1446316242218,699.3314621448517,754.563618183136,55.37107491493225,58.88119673728943,56.210434675216675,54.209558963775635,61.43004059791565,0.8093333333333333,0.8171666666666667,0.813,0.8146666666666667,0.819,0.9179115974837329,0.9359263567945068,0.9284775426743631,0.9130517299788455,0.9385879537393848,0.802650129981558,0.8098038726020986,0.8059260737988094,0.8077507071492209,0.8118110275395194
kickstarter_projects,BERT : val_col last,0 days 00:03:49.646785,156.52006793022156,60.905789375305176,183.93257427215576,148.804372549057,145.62967371940613,7.096200704574585,5.639845609664917,6.542358636856079,7.578620433807373,7.068647146224976,0.8023333333333333,0.7678333333333334,0.8056666666666666,0.7976666666666666,0.8013333333333333,0.9232690096169179,0.8911767219047205,0.9273084716474379,0.9249606811425113,0.9303612113350512,0.7952201453823936,0.7592593003450556,0.7984519899619331,0.789266311800203,0.7942180144914781
kickstarter_projects,BERT : val_col last_four,0 days 00:20:59.744056,753.2478981018066,702.8877093791962,386.669664144516,803.5165195465088,804.1374506950378,60.70646691322327,52.441879987716675,53.53943634033203,58.25912094116211,58.61637568473816,0.8225,0.8363333333333334,0.785,0.8235,0.8211666666666667,0.9283643817127788,0.9405306051496484,0.8564575359972321,0.9160710580002868,0.93066991869968,0.8156671713618945,0.8278439972471956,0.7819375026481543,0.8169069412346025,0.8143043462908445
kickstarter_projects,BERT : val_col_sep last,0 days 00:03:53.249592,163.18307542800903,175.37737798690796,191.1749918460846,149.36532330513,168.95942330360413,8.157546520233154,7.219597578048706,7.198644638061523,7.655873775482178,7.344429016113281,0.7861666666666667,0.793,0.7945,0.7838333333333334,0.7893333333333333,0.9126888700905215,0.9256608194263722,0.920833563475092,0.9125244354758962,0.9220175587259333,0.7790264194581747,0.7840402296938739,0.7868389801800036,0.7759172585775815,0.7817573106453266
kickstarter_projects,BERT : val_col_sep last_four,0 days 00:21:33.565547,720.4188833236694,763.5322592258453,845.6091740131378,820.1585907936096,790.1485524177551,51.77215647697449,55.60472774505615,55.44744396209717,56.78259587287903,57.28835988044739,0.814,0.8158333333333333,0.8113333333333334,0.813,0.8171666666666667,0.9278899853004418,0.9197814409339623,0.9293669410729768,0.9181231762473535,0.9347851699951552,0.8064713182164467,0.8076930965570781,0.8040193554778969,0.8053665247973751,0.8103839000876362
